,Classifier,Dataset,Accuracy,Fit-Time,Predict-Time,total_feature_count,n_shapelet_samples,max_shapelet_length,max_shapelets
0,STC,ALL_AVERAGE,0.8436544,93.45694440000001,10.787108,NULL,10000 without dilation,None,None
0,STC_Dilation,ALL_AVERAGE,0.8425139999999999,101.48456,11.7807268,1000.0,10000,,1000
0,STC_Dilation,ALL_AVERAGE,0.8395772000000001,106.00635399999999,12.4243672,5000.0,10000,,5000
0,STC_Dilation,ALL_AVERAGE,0.8484396,106.56559039999998,12.6624344,10000.0,10000,,10000
0,STC_Dilation,ALL_AVERAGE,0.8453012,105.9307872,12.6104932,10000.0,10000,,15000
0,STC_Dilation,ALL_AVERAGE,0.8425412,106.20721599999999,12.595662800000003,10000.0,10000,,20000
0,STC_Dilation,ALL_AVERAGE,0.8520927999999999,106.2850748,12.7341044,10000.0,10000,,30000
0,STC_Dilation,ALL_AVERAGE,0.8511392000000001,106.01852639999998,12.522185200000001,10000.0,10000,,50000
