,Classifier,Dataset,Accuracy,Fit-Time,Predict-Time,total_feature_count,get_intervals_time,transform_time,fit_randomforest_time,n_intervals_prop,interval_length_prop,interval_lengths,dilations_per_interval,n_estimators,n_intervals
0,TSF,ALL_AVERAGE,0.8191864,2.0492148,0.9417452000000001,37.32,0,0,0,-1.0,-1.0,base clf,-1.0,200,-1
0,TSF_Dilation,ALL_AVERAGE,0.7352852,0.5329824,0.1325836,3.0,0,0,0,1.0,1.0,0,1.0,200,1
0,TSF_Dilation,ALL_AVERAGE,0.7177136000000001,1.3560108000000002,0.42761039999999995,15.0,0,0,0,1.0,1.0,0,1.0,200,5
0,TSF_Dilation,ALL_AVERAGE,0.7326668,2.3257508,0.7908987999999999,30.0,0,0,0,1.0,1.0,0,1.0,200,10
0,TSF_Dilation,ALL_AVERAGE,0.7331792,3.3088276000000003,1.1571568,45.0,0,0,0,1.0,1.0,0,1.0,200,15
0,TSF_Dilation,ALL_AVERAGE,0.7205280000000001,4.2484112,1.5186912,60.0,0,0,0,1.0,1.0,0,1.0,200,20
0,TSF_Dilation,ALL_AVERAGE,0.7119747999999998,6.159442,2.2477159999999996,90.0,0,0,0,1.0,1.0,0,1.0,200,30
0,TSF_Dilation,ALL_AVERAGE,0.7314879999999999,8.045969600000001,2.977228,120.0,0,0,0,1.0,1.0,0,1.0,200,40
0,TSF_Dilation,ALL_AVERAGE,0.7217764,9.905985600000001,3.7063931999999995,150.0,0,0,0,1.0,1.0,0,1.0,200,50
