,Classifier,Dataset,Accuracy,Fit-Time,Predict-Time,total_feature_count,dilations_per_param_comb,win_lengths,norm_options,word_lengths,alphabet_size,feature_selection,max_feature_count
0,CBOSS,ALL_AVERAGE,0.8446848000000001,10.7742104,15.226378,99842.48,0,NULL,"[True, False]","[16, 14, 12, 10, 8]",4,none,256
0,CBOSS_Dilation,ALL_AVERAGE,0.8295352,12.094764399999999,13.366435600000003,12559.92,1,[0],"[True, False]","[16, 14, 12, 10, 8]",4,chi2,256
0,CBOSS_Dilation,ALL_AVERAGE,0.8331988,31.576283599999996,14.098316399999998,12182.84,3,[0],"[True, False]","[16, 14, 12, 10, 8]",4,chi2,256
0,CBOSS_Dilation,ALL_AVERAGE,0.8362644,47.480579199999994,14.0385484,12745.12,5,[0],"[True, False]","[16, 14, 12, 10, 8]",4,chi2,256
0,CBOSS_Dilation,ALL_AVERAGE,0.8035692,94.925696,13.867420000000003,12236.76,10,[0],"[True, False]","[16, 14, 12, 10, 8]",4,chi2,256
0,CBOSS_Dilation,ALL_AVERAGE,0.7895271999999999,190.7697716,14.1033432,11917.28,20,[0],"[True, False]","[16, 14, 12, 10, 8]",4,chi2,256
0,CBOSS_Dilation,ALL_AVERAGE,0.7730108,373.42832000000004,14.511857200000001,14006.0,40,[0],"[True, False]","[16, 14, 12, 10, 8]",4,chi2,256
0,CBOSS_Dilation,ALL_AVERAGE,0.7665747999999999,569.4007240000001,14.7328636,13930.52,60,[0],"[True, False]","[16, 14, 12, 10, 8]",4,chi2,256
