,Classifier,Dataset,Accuracy,Fit-Time,Predict-Time,total_feature_count,get_intervals_time,transform_time,fit_randomforest_time,n_intervals_prop,interval_length_prop,interval_lengths,max_dilation_size,n_estimators,n_intervals
0,TSF,ALL_AVERAGE,0.8210455999999999,2.064436,0.9480072000000002,7464.0,0,0,0,-1.0,-1.0,base clf,-1,200,-1
0,TSF_Dilation,ALL_AVERAGE,0.8226624000000001,0.8637632000000001,0.2488056,1800.0,0,0,0,1.0,1.0,"[3, 7, 9, 11]",2,200,3
0,TSF_Dilation,ALL_AVERAGE,0.8360183999999999,1.1891928,0.3698352,3000.0,0,0,0,1.0,1.0,"[3, 7, 9, 11]",2,200,5
0,TSF_Dilation,ALL_AVERAGE,0.8470488,2.0029028,0.6751604,6000.0,0,0,0,1.0,1.0,"[3, 7, 9, 11]",2,200,10
0,TSF_Dilation,ALL_AVERAGE,0.8479568000000001,3.1406735999999995,1.1125395999999999,10200.0,0,0,0,1.0,1.0,"[3, 7, 9, 11]",2,200,17
0,TSF_Dilation,ALL_AVERAGE,0.842416,3.615864,1.2868780000000002,12000.0,0,0,0,1.0,1.0,"[3, 7, 9, 11]",2,200,20
0,TSF_Dilation,ALL_AVERAGE,0.8461671999999999,5.2008947999999995,1.9091248,18000.0,0,0,0,1.0,1.0,"[3, 7, 9, 11]",2,200,30
0,TSF_Dilation,ALL_AVERAGE,0.8397836000000001,6.7583828,2.5233440000000003,24000.0,0,0,0,1.0,1.0,"[3, 7, 9, 11]",2,200,40
0,TSF_Dilation,ALL_AVERAGE,0.8401403999999999,8.3307252,3.1305827999999996,30000.0,0,0,0,1.0,1.0,"[3, 7, 9, 11]",2,200,50
