,Classifier,Dataset,Accuracy,Fit-Time,Predict-Time,total_feature_count,dilations_per_param_comb,win_lengths,norm_options,word_lengths,alphabet_size,feature_selection,max_feature_count
0,CBOSS,ALL_AVERAGE,0.8455204000000001,10.0105752,13.1954548,3078.6825599999997,0,NULL,"[True, False]","[16, 14, 12, 10, 8]",4,none,256
0,CBOSS_Dilation,ALL_AVERAGE,0.7573195999999999,2.289636,1.5735403999999997,6.322560000000001,1,"[8, 9, 11]","[True, False]",[8],4,chi2,256
0,CBOSS_Dilation,ALL_AVERAGE,0.8121896000000001,2.753702,4.2463296,19.064,3,"[8, 9, 11]","[True, False]",[8],4,chi2,256
0,CBOSS_Dilation,ALL_AVERAGE,0.8219808000000001,3.0730895999999994,6.966904400000001,32.688159999999996,5,"[8, 9, 11]","[True, False]",[8],4,chi2,256
0,CBOSS_Dilation,ALL_AVERAGE,0.8193728,3.8722152000000007,11.392254399999999,61.819840000000006,10,"[8, 9, 11]","[True, False]",[8],4,chi2,256
0,CBOSS_Dilation,ALL_AVERAGE,0.8249112,4.8845808,12.076433199999999,126.39183999999999,20,"[8, 9, 11]","[True, False]",[8],4,chi2,256
0,CBOSS_Dilation,ALL_AVERAGE,0.8221444,8.158652,11.820653199999999,260.54783999999995,40,"[8, 9, 11]","[True, False]",[8],4,chi2,256
0,CBOSS_Dilation,ALL_AVERAGE,0.7993324000000002,12.474034399999999,12.254534000000001,384.85632000000004,60,"[8, 9, 11]","[True, False]",[8],4,chi2,256
