,Classifier,Dataset,Accuracy,Fit-Time,Predict-Time,total_feature_count,n_intervals_prop,interval_length_prop,interval_lengths,num_of_random_dilations,n_estimators,n_intervals
0,TSF,ALL_AVERAGE,0.8281316,2.0717820000000002,0.96829,NULL,1.0,1.0,[0],0.0,200,0
0,TSF_Dilation,ALL_AVERAGE,0.6119204,554.2367648000001,221.6758228,9000.0,1.0,1.0,[0],1.0,200,3000
0,TSF_Dilation,ALL_AVERAGE,0.5742968,556.4018679999999,213.03750079999998,9000.0,1.0,0.8,[0],1.0,200,3000
0,TSF_Dilation,ALL_AVERAGE,0.5751320000000001,566.1591612,205.3032856,9000.0,1.0,0.6,[0],1.0,200,3000
0,TSF_Dilation,ALL_AVERAGE,0.5274008,573.8539248,196.2350604,9000.0,1.0,0.4,[0],1.0,200,3000
0,TSF_Dilation,ALL_AVERAGE,0.4816988,592.2418252,185.70222439999998,9000.0,1.0,0.2,[0],1.0,200,3000
