,Classifier,Dataset,Accuracy,Fit-Time,Predict-Time,total_feature_count,dilations_per_param_comb,win_lengths,norm_options,word_lengths,alphabet_size,feature_selection,max_feature_count
0,CBOSS,ALL_AVERAGE,0.8398736000000001,9.6681432,13.4075568,3162.81584,0,NULL,"[True, False]","[16, 14, 12, 10, 8]",4,none,256
0,CBOSS_Dilation,ALL_AVERAGE,0.8333168000000001,11.306006400000001,11.341145599999999,212.24224,1,"[8, 9, 11]","[True, False]","[16, 14, 12, 10, 8]",4,chi2,256
0,CBOSS_Dilation,ALL_AVERAGE,0.8270972000000001,28.7068968,12.4824664,637.07392,3,"[8, 9, 11]","[True, False]","[16, 14, 12, 10, 8]",4,chi2,256
0,CBOSS_Dilation,ALL_AVERAGE,0.8251075999999999,44.74606680000001,12.318198400000002,1054.1844800000001,5,"[8, 9, 11]","[True, False]","[16, 14, 12, 10, 8]",4,chi2,256
0,CBOSS_Dilation,ALL_AVERAGE,0.8132220000000001,85.30019399999999,12.3252676,2105.18992,10,"[8, 9, 11]","[True, False]","[16, 14, 12, 10, 8]",4,chi2,256
0,CBOSS_Dilation,ALL_AVERAGE,0.7962948,174.95765480000003,12.879805599999997,4221.9352,20,"[8, 9, 11]","[True, False]","[16, 14, 12, 10, 8]",4,chi2,256
0,CBOSS_Dilation,ALL_AVERAGE,0.7568636,348.57958160000004,12.651914,8513.3984,40,"[8, 9, 11]","[True, False]","[16, 14, 12, 10, 8]",4,chi2,256
0,CBOSS_Dilation,ALL_AVERAGE,0.7505972,514.5319068,13.699203599999999,12675.434239999999,60,"[8, 9, 11]","[True, False]","[16, 14, 12, 10, 8]",4,chi2,256
