,Classifier,Dataset,Accuracy,Fit-Time,Predict-Time,total_feature_count,get_intervals_time,transform_time,fit_randomforest_time,n_intervals_prop,interval_length_prop,interval_lengths,dilations_per_interval,n_estimators,n_intervals
0,TSF,ALL_AVERAGE,0.8195552,2.0762608,0.9477908,37.32,0,0,0,-1.0,-1.0,base clf,-1.0,200,-1
0,TSF_Dilation,ALL_AVERAGE,0.706718,2.3512216,0.9546307999999999,37.32,0,0,0,1.0,1.0,[0],1.0,200,0
0,TSF_Dilation,ALL_AVERAGE,0.7448096,6.6916936,2.8196563999999995,116.28,0,0,0,3.0,1.0,[0],1.0,200,0
0,TSF_Dilation,ALL_AVERAGE,0.7313964,10.619825200000001,4.6437479999999995,195.48,0,0,0,5.0,1.0,[0],1.0,200,0
0,TSF_Dilation,ALL_AVERAGE,0.7144324000000001,20.8075964,9.275498399999998,392.64,0,0,0,10.0,1.0,[0],1.0,200,0
0,TSF_Dilation,ALL_AVERAGE,0.7206628,40.8393704,18.7144064,786.24,0,0,0,20.0,1.0,[0],1.0,200,0
0,TSF_Dilation,ALL_AVERAGE,0.67593,81.1927644,37.4705524,1574.52,0,0,0,40.0,1.0,[0],1.0,200,0
0,TSF_Dilation,ALL_AVERAGE,0.6600108,121.05419040000001,55.9790376,2362.8,0,0,0,60.0,1.0,[0],1.0,200,0
