,Classifier,Dataset,Accuracy,Fit-Time,Predict-Time,total_feature_count,n_intervals_prop,interval_length_prop,interval_lengths,num_of_random_dilations,n_estimators,n_intervals
0,TSF,ALL_AVERAGE,0.8220403999999999,2.0562168,0.96148,NULL,1.0,1.0,[0],0.0,200,0
0,TSF_Dilation,ALL_AVERAGE,0.7348384,19.4985104,7.466601999999999,300.0,1.0,1.0,[1],1.0,200,100
0,TSF_Dilation,ALL_AVERAGE,0.6654964,186.08003520000003,73.89036279999999,3000.0,1.0,1.0,[1],1.0,200,1000
0,TSF_Dilation,ALL_AVERAGE,0.6078284,554.6720836000001,221.7963968,9000.0,1.0,1.0,[1],1.0,200,3000
0,TSF_Dilation,ALL_AVERAGE,0.5920668,925.1016756,370.75396280000007,15000.0,1.0,1.0,[1],1.0,200,5000
