,Classifier,Dataset,Accuracy,Fit-Time,Predict-Time,total_feature_count,n_shapelet_samples,max_shapelet_length,max_shapelets
0,STC,ALL_AVERAGE,0.8412904,92.79029200000001,10.7099676,NULL,10000 without dilation,None,None
0,STC_Dilation,ALL_AVERAGE,0.8500684000000001,108.24478359999999,11.9155732,0.0,10000,,
0,STC_Dilation,ALL_AVERAGE,0.8450756000000001,130.3755796,11.923371600000001,0.0,15000,,
0,STC_Dilation,ALL_AVERAGE,0.8467436,158.1377332,12.156706000000002,0.0,20000,,
0,STC_Dilation,ALL_AVERAGE,0.8545572000000001,185.46529120000002,12.078696000000003,0.0,25000,,
0,STC_Dilation,ALL_AVERAGE,0.8573232000000001,213.69312200000002,12.0770824,0.0,30000,,
0,STC_Dilation,ALL_AVERAGE,0.8490904,241.49405280000002,12.0917032,0.0,35000,,
