,Classifier,Dataset,Accuracy,Fit-Time,Predict-Time,total_feature_count,n_shapelet_samples,max_shapelet_length,max_shapelets
0,STC,ALL_AVERAGE,0.8486748,92.9032936,10.748353999999999,NULL,10000 without dilation,None,None
0,STC_Dilation,ALL_AVERAGE,0.8505868,101.6867812,11.845270000000001,656.0,10000,,
0,STC_Dilation,ALL_AVERAGE,0.8503171999999999,129.917646,12.005168000000001,656.0,15000,,
0,STC_Dilation,ALL_AVERAGE,0.8534828,157.5355764,11.9779804,656.0,20000,,
0,STC_Dilation,ALL_AVERAGE,0.8522012,184.3824484,11.956090800000002,656.0,25000,,
0,STC_Dilation,ALL_AVERAGE,0.8543636000000001,213.24304160000003,12.082194,656.0,30000,,
0,STC_Dilation,ALL_AVERAGE,0.8430579999999999,240.4226488,12.0231988,656.0,35000,,
