,Classifier,Dataset,Accuracy,Fit-Time,Predict-Time,total_feature_count,get_intervals_time,transform_time,fit_randomforest_time,n_intervals_prop,interval_length_prop,interval_lengths,dilations_per_interval,n_estimators,n_intervals
0,TSF,ALL_AVERAGE,0.8208891999999999,2.0564972,0.9484608,37.32,0,0,0,-1.0,-1.0,base clf,-1.0,200,-1
0,TSF_Dilation,ALL_AVERAGE,0.7264236,8.069842799999998,2.9856976,120.0,0,0,0,1.0,1.0,[0],1.0,200,40
0,TSF_Dilation,ALL_AVERAGE,0.7200056,13.670086800000002,5.159597199999999,210.0,0,0,0,1.0,1.0,[0],1.0,200,70
0,TSF_Dilation,ALL_AVERAGE,0.7220936,24.758580000000002,9.484294,390.0,0,0,0,1.0,1.0,[0],1.0,200,130
0,TSF_Dilation,ALL_AVERAGE,0.6897584000000001,50.3388932,19.6539392,810.0,0,0,0,1.0,1.0,[0],1.0,200,270
0,TSF_Dilation,ALL_AVERAGE,0.692452,98.02270759999999,38.4227088,1590.0,0,0,0,1.0,1.0,[0],1.0,200,530
0,TSF_Dilation,ALL_AVERAGE,0.6738144000000001,146.8079616,57.990453200000005,2400.0,0,0,0,1.0,1.0,[0],1.0,200,800
