,Classifier,Dataset,Accuracy,Fit-Time,Predict-Time,total_feature_count,get_intervals_time,transform_time,fit_randomforest_time,n_intervals_prop,interval_length_prop,interval_lengths,max_dilation_size,n_estimators,n_intervals
0,TSF,ALL_AVERAGE,0.7852298181818181,16.788909909090908,8.976354818181818,61.09090909090909,0,0,0,-1.0,-1.0,base clf,-1,200,-1
0,TSF_Dilation,ALL_AVERAGE,0.7719850909090908,14.560889454545455,2.330889727272727,61.09090909090909,0,0,0,1.0,1.0,[0],1,200,0
0,TSF_Dilation,ALL_AVERAGE,0.7733280909090909,14.514127454545456,2.3279039090909093,61.09090909090909,0,0,0,1.0,1.0,[0],2,200,0
0,TSF_Dilation,ALL_AVERAGE,0.7339064545454546,14.568957818181817,2.365407090909091,61.09090909090909,0,0,0,1.0,1.0,[0],3,200,0
0,TSF_Dilation,ALL_AVERAGE,0.6593682727272726,14.563655363636366,2.3823879090909093,61.09090909090909,0,0,0,1.0,1.0,[0],4,200,0
