,Classifier,Dataset,Accuracy,Fit-Time,Predict-Time,total_feature_count,dilations_per_param_comb,win_lengths,norm_options,word_lengths,alphabet_size,feature_selection,max_feature_count
0,CBOSS,ALL_AVERAGE,0.8413676,9.652301600000001,12.570953999999999,781357.76,0,NULL,"[True, False]","[16, 14, 12, 10, 8]",4,none,256
0,CBOSS_Dilation,ALL_AVERAGE,0.8398443999999999,11.2375716,11.429770800000002,52731.56,1,"[8, 9, 11]","[True, False]","[16, 14, 12, 10, 8]",4,chi2,256
0,CBOSS_Dilation,ALL_AVERAGE,0.8221844,28.241721199999997,12.092586399999998,158839.24,3,"[8, 9, 11]","[True, False]","[16, 14, 12, 10, 8]",4,chi2,256
0,CBOSS_Dilation,ALL_AVERAGE,0.8290348000000001,45.5508288,12.7127224,262335.52,5,"[8, 9, 11]","[True, False]","[16, 14, 12, 10, 8]",4,chi2,256
0,CBOSS_Dilation,ALL_AVERAGE,0.8181691999999999,87.48971279999999,12.4758172,519850.4,10,"[8, 9, 11]","[True, False]","[16, 14, 12, 10, 8]",4,chi2,256
0,CBOSS_Dilation,ALL_AVERAGE,0.7970311999999999,179.3232232,13.421864400000002,1053078.04,20,"[8, 9, 11]","[True, False]","[16, 14, 12, 10, 8]",4,chi2,256
0,CBOSS_Dilation,ALL_AVERAGE,0.7709123999999999,263.1295436,13.464664,1591309.44,30,"[8, 9, 11]","[True, False]","[16, 14, 12, 10, 8]",4,chi2,256
0,CBOSS_Dilation,ALL_AVERAGE,0.7705420000000001,351.15117040000007,13.324238000000001,2098295.24,40,"[8, 9, 11]","[True, False]","[16, 14, 12, 10, 8]",4,chi2,256
